fold,n_estimators,max_depth,max_features,k,l,accuracy,f1_weighted,roc_auc_ovr,train_accuracy,train_f1_weighted,train_roc_auc_ovr
1,50,,sqrt,,,0.65,0.6402834008097166,0.781456043956044,1.0,1.0,1.0
2,100,10.0,sqrt,,,0.6,0.5482793522267206,0.8212912087912088,1.0,1.0,1.0
3,100,10.0,sqrt,,,0.8,0.7984415584415585,0.930952380952381,1.0,1.0,1.0
4,50,,sqrt,,,0.85,0.8461538461538461,0.9079670329670331,1.0,1.0,1.0
5,100,,sqrt,,,0.7,0.7015151515151514,0.7987637362637363,1.0,1.0,1.0
