fold,n_estimators,max_depth,max_features,k,l,accuracy,f1_weighted,roc_auc_ovr,train_accuracy,train_f1_weighted,train_roc_auc_ovr
1,50,,sqrt,,,0.7,0.68875,0.8375,1.0,1.0,1.0
2,50,,sqrt,,,0.7,0.6770588235294118,0.8615384615384615,1.0,1.0,1.0
3,100,,sqrt,,,0.8,0.8,0.9244047619047621,1.0,1.0,1.0
4,100,,sqrt,,,0.9,0.8952564102564103,0.9788461538461538,1.0,1.0,1.0
5,50,,sqrt,,,0.65,0.6487499999999999,0.9052197802197801,1.0,1.0,1.0
