Feature,Importance
17:35076296-35282086,1.3719541007970626
12:64727853-66012212,0.021400361536797065
