Feature,Importance
17:35076296-35282086,1.38155058287654
6:89106148-90015649,0.039277269014016514
