Feature,Importance
17:35076296-35282086,1.3876654299738185
1:149369522-149394958,0.03597758432185279
