Feature,Importance
17:35076296-35282086,1.3955986397866154
12:64727853-66012212,0.051242792955000956
