Feature,Importance
17:35076296-35282086,1.375841110111558
12:64727853-66012212,0.006119932371476248
