Feature,Importance
17:35076296-35282086,1.4539722816957674
6:131304839-132036965,0.016265192653013544
