fold,n_estimators,max_depth,max_features,k,l,accuracy,f1_weighted,roc_auc_ovr,train_accuracy,train_f1_weighted,train_roc_auc_ovr
1,50,,sqrt,300,0.7,0.7,0.68875,0.8406593406593406,1.0,1.0,1.0
2,50,,sqrt,100,0.9,0.7,0.6583333333333333,0.8910714285714285,1.0,1.0,1.0
3,100,,sqrt,300,0.7,0.85,0.8476923076923077,0.95,1.0,1.0,1.0
4,100,10.0,sqrt,200,0.8,0.95,0.95,0.9923076923076923,1.0,1.0,1.0
5,100,10.0,sqrt,200,0.8,0.85,0.8492307692307695,0.873076923076923,1.0,1.0,1.0
