fold,n_estimators,max_depth,max_features,k,l,accuracy,f1_weighted,roc_auc_ovr,train_accuracy,train_f1_weighted,train_roc_auc_ovr
1,50,,sqrt,,,0.65,0.636289592760181,0.737912087912088,1.0,1.0,1.0
2,100,10.0,sqrt,,,0.65,0.6291666666666667,0.8065934065934066,1.0,1.0,1.0
3,100,10.0,sqrt,,,0.8,0.8034965034965035,0.9276785714285716,1.0,1.0,1.0
4,50,,sqrt,,,0.85,0.8494505494505494,0.9197802197802197,1.0,1.0,1.0
5,100,,sqrt,,,0.7,0.6953671328671329,0.8293956043956043,1.0,1.0,1.0
