fold,n_estimators,max_depth,max_features,k,l,accuracy,f1_weighted,roc_auc_ovr,train_accuracy,train_f1_weighted,train_roc_auc_ovr
1,100,,sqrt,,,0.75,0.7395833333333333,0.8752747252747252,1.0,1.0,1.0
2,100,,sqrt,,,0.85,0.8382352941176471,0.9271978021978022,1.0,1.0,1.0
3,50,,sqrt,,,0.75,0.7512820512820513,0.9410714285714287,1.0,1.0,1.0
4,100,,sqrt,,,0.8,0.7958333333333333,0.9615384615384615,1.0,1.0,1.0
5,100,,sqrt,,,0.8,0.8027272727272727,0.9346153846153845,1.0,1.0,1.0
